tki,mutation,resid,from,to,IC50,ddG_exp
axitinib,M244V,244,MET,VAL,690,-0.11
axitinib,L248R,248,LEU,ARG,1393,0.31
axitinib,L248V,248,LEU,VAL,1399,0.32
axitinib,G250E,250,GLY,GLU,1295,0.27
axitinib,Q252H,252,GLN,HIS,1155,0.2
axitinib,Y253F,253,TYR,PHE,1275,0.26
axitinib,Y253H,253,TYR,HIS,867,0.03
axitinib,E255K,255,GLU,LYS,1282,0.26
axitinib,E255V,255,GLU,VAL,1350,0.3
axitinib,D276G,276,ASP,GLY,1105,0.18
axitinib,E279K,279,GLU,LYS,778,-0.03
axitinib,E292L,292,GLU,LEU,863,0.03
axitinib,V299L,299,VAL,LEU,188,-0.88
axitinib,T315A,315,THR,ALA,389,-0.45
axitinib,T315I,315,THR,ILE,98,-1.27
axitinib,T315V,315,THR,VAL,45,-1.73
axitinib,F317L,317,PHE,LEU,1220,0.23
axitinib,F317R,317,PHE,ARG,1286,0.27
axitinib,F317V,317,PHE,VAL,1320,0.28
axitinib,M343T,343,MET,THR,1175,0.21
axitinib,M351T,351,MET,THR,553,-0.24
axitinib,F359I,359,PHE,ILE,975,0.1
axitinib,F359V,359,PHE,VAL,933,0.07
axitinib,L384M,384,LEU,MET,916,0.06
axitinib,H396R,396,HIS,ARG,1247,0.25
axitinib,F486S,486,PHE,SER,897,0.05
bosutinib,M244V,244,MET,VAL,147,0.43
bosutinib,L248R,248,LEU,ARG,874,1.5
bosutinib,L248V,248,LEU,VAL,182,0.56
bosutinib,G250E,250,GLY,GLU,85,0.11
bosutinib,Y253F,253,TYR,PHE,40,-0.34
bosutinib,E255K,255,GLU,LYS,181,0.56
bosutinib,E255V,255,GLU,VAL,214,0.66
bosutinib,V299L,299,VAL,LEU,1228,1.7
bosutinib,T315A,315,THR,ALA,122,0.32
bosutinib,T315I,315,THR,ILE,4338,2.45
bosutinib,F317C,317,PHE,CYS,165,0.5
bosutinib,F317I,317,PHE,ILE,232,0.71
bosutinib,F317L,317,PHE,LEU,82,0.09
bosutinib,F317V,317,PHE,VAL,1280,1.72
bosutinib,M351T,351,MET,THR,97,0.19
bosutinib,E355A,355,GLU,ALA,74,0.02
bosutinib,F359C,359,PHE,CYS,70,-0.01
bosutinib,F359I,359,PHE,ILE,76,0.04
bosutinib,F359V,359,PHE,VAL,59,-0.11
bosutinib,H396R,396,HIS,ARG,60,-0.1
bosutinib,E459K,459,GLU,LYS,127,0.35
dasatinib,M244V,244,MET,VAL,2,0
dasatinib,L248R,248,LEU,ARG,6,0.65
dasatinib,L248V,248,LEU,VAL,5,0.55
dasatinib,G250E,250,GLY,GLU,4,0.41
dasatinib,Y253F,253,TYR,PHE,3,0.24
dasatinib,E255K,255,GLU,LYS,9,0.9
dasatinib,E255V,255,GLU,VAL,11,1.02
dasatinib,V299L,299,VAL,LEU,16,1.24
dasatinib,T315A,315,THR,ALA,59,2.02
dasatinib,T315I,315,THR,ILE,10000,5.08
dasatinib,F317C,317,PHE,CYS,45,1.86
dasatinib,F317I,317,PHE,ILE,40,1.79
dasatinib,F317L,317,PHE,LEU,10,0.96
dasatinib,F317V,317,PHE,VAL,104,2.36
dasatinib,M351T,351,MET,THR,2,0
dasatinib,E355A,355,GLU,ALA,3,0.24
dasatinib,F359C,359,PHE,CYS,2,0
dasatinib,F359I,359,PHE,ILE,3,0.24
dasatinib,F359V,359,PHE,VAL,2,0
dasatinib,H396R,396,HIS,ARG,2,0
dasatinib,E459K,459,GLU,LYS,4,0.41
erlotinib,Q252H,252,GLN,HIS,61,-0.13
erlotinib,Y253F,253,TYR,PHE,76,0
erlotinib,E255K,255,GLU,LYS,63,-0.11
erlotinib,T315I,315,THR,ILE,59,-0.15
erlotinib,F317I,317,PHE,ILE,1100,1.58
erlotinib,F317L,317,PHE,LEU,150,0.4
erlotinib,M351T,351,MET,THR,66,-0.08
gefitinib,Q252H,252,GLN,HIS,230,-0.44
gefitinib,Y253F,253,TYR,PHE,360,-0.17
gefitinib,E255K,255,GLU,LYS,400,-0.11
gefitinib,F317I,317,PHE,ILE,4700,1.35
gefitinib,F317L,317,PHE,LEU,780,0.29
gefitinib,M351T,351,MET,THR,520,0.05
imatinib,M244V,244,MET,VAL,287,0.21
imatinib,L248R,248,LEU,ARG,10000,2.33
imatinib,L248V,248,LEU,VAL,586,0.64
imatinib,G250E,250,GLY,GLU,1087,1.01
imatinib,Y253F,253,TYR,PHE,4908,1.9
imatinib,E255K,255,GLU,LYS,2487,1.5
imatinib,E255V,255,GLU,VAL,8322,2.22
imatinib,V299L,299,VAL,LEU,295,0.23
imatinib,T315A,315,THR,ALA,476,0.51
imatinib,T315I,315,THR,ILE,9773,2.32
imatinib,F317C,317,PHE,CYS,324,0.28
imatinib,F317I,317,PHE,ILE,266,0.17
imatinib,F317L,317,PHE,LEU,675,0.72
imatinib,F317V,317,PHE,VAL,1023,0.97
imatinib,M351T,351,MET,THR,404,0.42
imatinib,E355A,355,GLU,ALA,441,0.47
imatinib,F359C,359,PHE,CYS,728,0.77
imatinib,F359I,359,PHE,ILE,324,0.28
imatinib,F359V,359,PHE,VAL,346,0.32
imatinib,H396R,396,HIS,ARG,395,0.4
imatinib,E459K,459,GLU,LYS,612,0.66
nilotinib,M244V,244,MET,VAL,12,-0.13
nilotinib,L248R,248,LEU,ARG,549,2.15
nilotinib,L248V,248,LEU,VAL,26,0.33
nilotinib,G250E,250,GLY,GLU,41,0.6
nilotinib,Y253F,253,TYR,PHE,179,1.48
nilotinib,E255K,255,GLU,LYS,127,1.27
nilotinib,E255V,255,GLU,VAL,784,2.36
nilotinib,V299L,299,VAL,LEU,24,0.28
nilotinib,T315A,315,THR,ALA,50,0.72
nilotinib,T315I,315,THR,ILE,8091,3.75
nilotinib,F317C,317,PHE,CYS,16,0.04
nilotinib,F317I,317,PHE,ILE,25,0.3
nilotinib,F317L,317,PHE,LEU,21,0.2
nilotinib,F317V,317,PHE,VAL,26,0.33
nilotinib,M351T,351,MET,THR,15,0
nilotinib,E355A,355,GLU,ALA,18,0.11
nilotinib,F359C,359,PHE,CYS,47,0.68
nilotinib,F359I,359,PHE,ILE,64,0.86
nilotinib,F359V,359,PHE,VAL,41,0.6
nilotinib,H396R,396,HIS,ARG,23,0.25
nilotinib,E459K,459,GLU,LYS,38,0.55
ponatinib,M244V,244,MET,VAL,3,0
ponatinib,L248R,248,LEU,ARG,8,0.58
ponatinib,L248V,248,LEU,VAL,4,0.17
ponatinib,G250E,250,GLY,GLU,0.021,0.3
ponatinib,Y253F,253,TYR,PHE,5,0.3
ponatinib,E255K,255,GLU,LYS,6,0.41
ponatinib,E255V,255,GLU,VAL,16,1
ponatinib,V299L,299,VAL,LEU,4,0.17
ponatinib,T315A,315,THR,ALA,4,0.17
ponatinib,T315I,315,THR,ILE,6,0.41
ponatinib,F317C,317,PHE,CYS,3,0
ponatinib,F317I,317,PHE,ILE,7,0.51
ponatinib,F317L,317,PHE,LEU,4,0.17
ponatinib,F317V,317,PHE,VAL,10,0.72
ponatinib,M351T,351,MET,THR,4,0.17
ponatinib,E355A,355,GLU,ALA,7,0.51
ponatinib,F359C,359,PHE,CYS,6,0.41
ponatinib,F359I,359,PHE,ILE,11,0.77
ponatinib,F359V,359,PHE,VAL,4,0.17
ponatinib,H396R,396,HIS,ARG,4,0.17
ponatinib,E459K,459,GLU,LYS,5,0.3
